,review_comment_message,results
0,aparelho eficiente. no site a marca do aparelho esta impresso como 3desinfector e ao chegar esta com outro nome...atualizar com a marca correta uma vez que √© o mesmo aparelho,Positive
1,"Vendedor confi√°vel, produto ok e entrega antes do prazo.",Positive
2,P√©ssimo,Negative
3,Loja nota 10,Neautral
4,"Recebi exatamente o que esperava. As demais encomendas de outros vendedores atrasaram, mas esta chegou no prazo.",Negative
5,"Recomendo ,",Positive
6,"T√¥ completamente apaixonada, loja super respons√°vel e confi√°vel!",Positive
7,Muito bom. muito cheiroso.,Neautral
8,MT lindo,Positive
9,Recomendo o vendedor... ,Positive
10,O kit mochila patrulha canina √© lindo!! Meu netinho vai amar!! Obrigada!!,Positive
11,Super r√°pido.,Positive
12,OK RECOMENDO,Positive
13,A entrega foi dividida em duas. N√£o houve comunicado do loja. Cheguei a pensar que s√≥ haviam enviado parte do produto. ,Negative
14,Gostei da aten√ß√£o com a entrega,Positive
15," Se fosse vidro tinha quebrado; veio na caixa sem nenhuma prote√ß√£o por dentro, a caixa estava muito amassada. Desculpe.. mas gosto de comprar de vcs
.",Positive
16,A pe√ßa n√£o serviu,Neautral
17,"Espero receber esta semana, o que n√£o seria t√£o extravagante, por√©m...mais atrazo do que isso me faria desistir do baratheon.",Positive
18,Muito bom alta qualidade!,Positive
19,Faltou 1 produto e os que recebi 1 veio quebrado,Negative
20,"chegou dentro do prazo e o produto √© de excelente qualidade! Acabou as dores nas costas, estou dormindo muito bem!",Positive
21,aqui est√° descrevendo como entregue s√≥ que ate agora n√£o recebi,Neautral
22,Comecei a usar agora ,Neautral
23,"Comprar um produto correto na capa mas interno ser outro.???????
",Neautral
24,"Fiz um pedido de 4 garrafas de azeite.Chegaram 2 num dia e as outras 2 quase 48 horas depois.Contato com a loja muito dificil,tanto via e-mail qto por telef.O suspense terminou mas l√° n√£o compro mais",Neautral
25,Recomendo,Positive
26,super recomendo produto profissional de qualidade,Positive
27,muito bom e rapido quando vi ja tinha chegado,Positive
28,"Apesar de ter sido entregue rapidamente, substitu√≠ram a caixa METEORO pela caixa BORNE. Quando tentei reclamar nas lannister o sistema estaav fora do ar. A guitarra e acess√≥rios estavam corretos.",Negative
29,"Entregue dentro do prazo, e com bom per√≠odo de validade.",Positive
30,"Cancelaram a minha compra um dia antes da entrega, liguei para a lannister e os atendentes n√£o sabiam o que estava acontecendo, uma bagun√ßa, agora estou esperando para ver se vai ser cobrado",Negative
31,produto de qualidade e efici√™ncia na entrega. recebi muito antes do combinado. recomendo,Positive
32,Produto bom veio no dentro do prazo chegou em 08 dias est√£o de parab√©ns. ,Positive
33,entrega rapida,Neautral
34,Cada vez que compro mais fico satisfeita parab√©ns pela honestidade com seus clientes üëèüëèüëèüëè?,Positive
35,Tudo r√°pido e eficiente.,Positive
36,Creme maravilhoso e entrega super r√°pida,Positive
37,"Boa Noite

√© lament√°vel, esta loja que tantas compras eu ja fiz e hoje n√£o me da satisfa√ß√£o sequer de um rel√≥gio na import√¢ncia de 50,00 reais ... um produto com defeito e at√© agora n√£o me deu retor",Negative
38,A capa protetora n√£o √© exatamente o que eu esperava deixa a desejar no tipo material e na qualidade.,Positive
39,No site o produto parece ter melhor qualidade de material e acabamento.,Positive
40,"Recebi meu produto corretamente e dentro do prazo,verificando na caixa esta tudo correto,mas ainda n√£o montei.Produto lindo,cor perfeita,amamos.
SUPER RECOMENDO.",Positive
41,Parab√©ns .Produto entregue bem antes do prazo.Atendeu √†s minhas necessidades.,Positive
42,"O pedido chegou antes do combinado, muito bom.",Positive
43,recebe apenas 01 pe√ßa do produto! estou precisando da 2 pe√ßas restante! ,Neautral
44,trabalho com profissionalismo das lojas lannister. indico com certeza,Positive
45,Tudo ok!,Positive
46,"Quando instalei o cartucho de tinta, a minha impressora indicou que o mesmo estava vazio, e apresentou a mensagem de erro ""!"" em cima do marcador de n√≠vel da tinta. J√° solicitei a troca. ",Negative
47,quanto ao site n√£o tenho o que questionar! sempre cumprem super o combinado ... recomendo sempre! mas o produto √© fraco.. ,Negative
48,"Fiquei feliz com. O tecido ,mas acho que faltou o len√ßol de cima para ficar completo , espero que logo lancem.",Positive
49,"A compra ocorreu como o esperado, desde de o pedido at√© o recebimento do produto. Tudo bem certinho. ",Neautral
50,"otimo
",Positive
51,Tudo como anunciado....√ìtimo produto...,Positive
52,Muito satisfeito.,Positive
53,Otimo produto porem caro demais !!! ,Positive
54,Tive um p√≥s venda excelente atrav√©s do Sr Renato,Positive
55,Muito bom,Positive
56,Produto chegou dentro do prazo. Veio conforme descri√ß√£o e √© excelente.,Positive
57,Muito bom mesmo!,Positive
58,"Apesar da demora em expedir a nota fiscal, depois de expedida a entrega foi r√°pida e o produto veio bem embalado. Recomendo.",Positive
59,"prazo foi estendido,por√©m entregue no prazo divulgado na propaganda. Cadeira conforme foto, vem para montar, mais f√°cil e linda",Positive
60,"Simplesmente lindo!!
Adorei o produto!!
Tamanho perfeito!!
J√° comprei v√°rias produtos, j√° faz anos que compro no baratheon !!",Positive
61,Boa compra.,Positive
62,Estou plenamente satisfeita com minha aquisi√ß√£o. E recomendo. A √∫nica coisa que n√£o concordo √© com o valor de frete. Aut√≠ssimo.,Positive
63,Entrega e produto perfeito!,Positive
64,"Produto perfeito, entrega r√°pida. Estou satisfeit√≠ssima. üëèüèΩ",Positive
65,"Como sempre, excelente servi√ßo.",Positive
66,"Muito bom o produto, melhor que esperava e foi entregue no prazo, gostei bastante. ",Positive
67,"Gostei muito , o objeto veio o mesmo comprado, j√° comprei em outras lojas e veio outra cor √± Gostei! Com lannister tudo ok.",Positive
68,O produto n√£o est√° nas medidas corretas indicadas na oferta. Terei q ligar para vcs para troca,Neautral
69,tudo certinho entrega no prazo √≥timo.,Positive
70,√ìtimo perfume. Fragr√¢ncia maravilhosa. Recomendo,Positive
71,O produto superou minha expectativa. O prazo de entrega foi antecipado em 7 dias. J√° instalei e ficou show. ,Neautral
72,SOLICITEI DEVOLU√á√ÉO. PRODUTO COM DEFEITO,Neautral
73,Loja em si √© boa pena a americana nao da suporte ao cliente ,Negative
74,Acho que o produto deveria ter um prazo de validade maior.,Neautral
75,"Entrega antes do prazo, recomendo essa loja.",Positive
76,"agrade√ßo muito, pois recebi o produto correto conforme encontrado no site, a entrega foi super r√°pida. fiquei muito satisfeito e com certeza vou recomentar para os amigo.",Positive
77,bom,Positive
78,muito bom.super recomendo.entrega sempre certa.,Positive
79,Ainda nao instalei mais gostei muito,Positive
80,Bom produto. Entrega r√°pida. Recomendo,Positive
81,muito bom,Positive
82,√ìtima r√°pida na entrega OBRIGADO ,Positive
83,Penso que deveria haver um modo de se comunicar com a empresa caso acontecesse de encomenda n√£o ser entregue ,Neautral
84,O produto chegou antes do prazo. ,Neautral
85,PRODUTO JA CHEGOU COM DEFEITO N√ÉO FUCIONOU CONFORME MINHA NECESSIDADE DE USO. INFELIZMENTE ULTIMA COMPRA MINHA TOTALMENTE INSATISFEITO.,Negative
86,"Recomendo esta loja entrega direitinho
",Positive
87,Produto de √≥tima qualidade,Positive
88,Excelente,Positive
89,"bom , foi o que esperava.",Positive
90,Rel√≥gio lindo entrega antes do prazo,Positive
91,Veio conforme o anunciado simples mais bonita. ,Positive
92,Ainda n√£o recebi o produto...,Neautral
93,Comprei 2 produtos so mandaram 1 e n mim deram nenhuma justificativa ! ,Negative
94,S√≥ imaginei que fosse maior a boneca. Mais √© legal ,Positive
95,Muito bom.,Positive
96,Produto bom e entregue antes do previsto.,Positive
97,"Ainda n√£o usei em nenhuma viagem, mas parece ser muito boa.",Positive
98,Adoro comprar nas lojas lannister,Positive
99,Recebi o produto que eh falso quero meu dinheiro de volta ,Negative
